{
    "type": "application",
    "source-directories": [
        "src"
    ],
    "elm-version": "0.19.1",
    "dependencies": {
        "direct": {
            "alex-tan/elm-tree-diagram": "1.0.0",
            "avh4/elm-color": "1.0.0",
            "dosarf/elm-tree-view": "3.0.0",
            "elm/browser": "1.0.2",
            "elm/core": "1.0.5",
            "elm/html": "1.0.0",
            "elm/http": "2.0.0",
            "elm/json": "1.1.3",
            "elm/random": "1.0.0",
            "elm/regex": "1.0.0",
            "elm/svg": "1.0.1",
            "elm/time": "1.0.0",
            "elm-community/list-extra": "8.2.4",
            "elm-community/maybe-extra": "5.2.0",
            "elm-community/typed-svg": "6.0.0",
            "ericgj/elm-csv-decode": "2.0.1",
            "folkertdev/one-true-path-experiment": "5.0.2",
            "gampleman/elm-visualization": "2.3.0",
            "joakin/elm-canvas": "4.3.0",
            "justinmimbs/date": "3.2.1",
            "lovasoa/elm-csv": "1.1.7",
            "rundis/elm-bootstrap": "5.2.0"
        },
        "indirect": {
            "elm/bytes": "1.0.8",
            "elm/file": "1.0.5",
            "elm/parser": "1.1.0",
            "elm/url": "1.0.0",
            "elm/virtual-dom": "1.0.2",
            "folkertdev/elm-deque": "3.0.1",
            "folkertdev/svg-path-lowlevel": "3.0.0",
            "ianmackenzie/elm-1d-parameter": "1.0.1",
            "ianmackenzie/elm-float-extra": "1.1.0",
            "ianmackenzie/elm-geometry": "3.9.0",
            "ianmackenzie/elm-interval": "2.0.0",
            "ianmackenzie/elm-triangular-mesh": "1.1.0",
            "ianmackenzie/elm-units": "2.7.0",
            "ianmackenzie/elm-units-interval": "2.3.0",
            "ianmackenzie/elm-units-prefixed": "2.7.0",
            "justinmimbs/time-extra": "1.1.0",
            "rtfeldman/elm-hex": "1.0.0",
            "ryannhg/date-format": "2.3.0"
        }
    },
    "test-dependencies": {
        "direct": {
            "elm-explorations/test": "1.0.0"
        },
        "indirect": {}
    }
}
